Resource,ResourceNumber
4651,0000
4631,00002638
4639,00003720
829,00004521
4539,00004657
4640,00006357
843,00007153
1318,00008524
817,00010420
4524,00013001
4634,00015144
4687,00019856
4638,00029282
4692,00029855
200,00056891
823,00066698
807,00076404
4993,00079226
4656,00087096
4642,00093041
4502,00093741
4673,00110309
1521,00120218
4913,00124540
4562,00124827
4676,00124982
4641,00132392
4633,00132759
4536,00137628
4632,00149770
4672,00152151
4463,00154974
4682,00155399
5004,00158375
4680,00164269
4522,00165245
4608,00166078
4689,00176791
4927,00177095
4251,00179181
4190,00181574
4552,00184451
4441,00186115
4675,00186155
4122,00188895
4564,00189318
4561,00190289
4674,00193647
4286,00194693
4554,00196148
4606,00197362
4242,00197894
4616,00198366
4265,00199212
4637,00204113
4350,00204884
4360,00206740
4635,00208292
4367,00208423
4553,00209073
4376,00209220
4373,00209466
4902,00209542
4438,00215900
4460,00218822
4475,00220345
4516,00223310
4636,00225097
4577,00227596
4883,00228006
4579,00228435
4587,00228809
5006,00230253
4614,00230565
4888,00231542
4627,00232528
4648,00233199
4657,00233966
4685,00238076
4695,00239284
4827,00505264
4828,00506642
4839,00508264
4851,00512449
4854,00525427
4855,00533652
4864,00545135
4866,00556039
4884,00556948
4885,00557103
4900,00560057
4901,00560277
4899,00562666
4945,00577913
4948,00579158
4957,00583018
4966,00585290
4976,00589584
4986,00592211
4992,00605631
4994,00606722
4995,00606739
5018,00611596
5014,00611884
5010,00613919
5020,00613929
5021,00613987
5019,00614411
2009,1-SHY-BC
220,6711
219,78670
221,9035
3851,9JS6
2693,AA
2694,AA1
2696,AB
1721,ABCO
1920,AC
96,ac1
2713,AC2
147,acb
743,AD
3731,AD2
3736,AD3
3738,AD4
26,ADC
570,ADC-hskp
555,ADD
3960,AE
556,AEC
3999,AEC1
4199,AEM-SAMPLE
70,AES
545,AES CO
3751,AF
3752,AF1
316,ag
1798,AG MAURO
4181,AG1
541,AGM
1790,AH
3768,AH1
1819,AJ
1675,AJT
456,AK
403,AK1
4061,AK2
4256,AK3
3806,AL
4064,AL1
482,ALB
742,AM
242,AM1
2292,AM2
186,AM3
3829,AM4
2007,AML
130,AMP
146,amw
705,AN
155,AN1
4152,ANGELTEST
307,ao
3836,AP
131,ap1
94,apb
4030,AQ-IC
666,ar
66,AR1
670,ARAMARK
179,art
3848,AS
4072,AS1
557,AT
2260,AV
134,AVR
592,AW
727,AW1
728,AW2
1962,AW3
3872,AWJ
3871,AWS
4357,BA
474,BAT
361,BB
1641,BB1
1976,BB2
1985,BB3
3722,BB4
3927,BB5
2011,BC
3728,BC1
3,BD
3721,BD1
3975,BD2
388,BDB
1600,BE
4047,BEF
166,BEST FEEDS
282,BEW
175,bf
317,bg
181,BG1
1359,BG2
2267,BG3
3781,BH
672,bh1
3945,BH2
3973,BH3
3780,BHK
615,BIW
3785,BJ
3786,BJ1
106,BJG
4868,BJK
619,bjr
248,BL
587,BLW
124,bm
1785,BM1
500,BM2
529,bm3
125,BM4
3825,BM5
3828,BM6
53,BMM
4143,BMS-RN
16,BNB
412,BP
3834,BP1
67,br
762,BR1
3956,BR2
1946,BRENCKLES
314,BrianE
744,BS
3857,BS1
54,BSM
105,BTG
418,BV
1750,BW
3717,BW1
3900,BWS
2646,CA
763,CAB
4944,CAFU
766,CAM
739,CAN
546,CARDELLO
1982,CATERING
427,CB
281,CB1
771,cb2
2711,CB3
180,CB4
2712,CB5
2698,CBM
194,cc
1733,CC1
524,CC2
658,CC3
244,CC4
2716,CC5
2717,CC6
3817,CC7
3886,CC8
1313,ccs
1315,ccsdisp
4906,CCSGP
4904,CCSJF
4905,CCSJM
4908,CCSJS
4909,CCSMV
4907,CCSPS
434,CD
196,cd1
489,CD2
696,CD3
2028,CD4
3737,CD5
3744,CE
3747,CE1
3749,CF
723,CG
558,CG1
517,CG2
697,CG3
4,CG4
3754,CG5
17,CGB
1813,CGRND-JM2
1729,CGRND-MJK
522,CH
241,CH1
1810,CH2
3763,CH3
3777,CH4
3819,CH5
3904,CH6
4057,CH7
4386,CH8
3791,CJ
4542,cj-pitt
497,CJM
593,CJM1
496,CK
4269,CK-SAMPLE
455,CK1
208,CK2
749,CL
3809,CL1
559,CLD
2677,CLEAVLAND
203,cm
736,CM1
271,CM2
1791,CM3
3823,CM4
3826,CM5
3934,CM6
4385,CM7
2183,CMP
462,CP
503,CP1
1780,CP2
3831,CP3
3837,CP4
15,CPB
163,CPJ
413,CR
465,CR1
4372,CR2
251,CRE-CG
9,CRE-DALE
178,CRE-DAVIS
216,cre-DB
662,cre-dg
2112,CRE-EM
10,CRE-JG
2111,CRE-JR
252,CRE-JWM
249,CRE-KC
243,CRE-KEN
1779,CRE-KK
209,CRE-Linda
177,CRE-PAGE
230,cre-pr
1816,CRE-rv
229,CRE-Thomas
148,CRE-TONI
41,CRK
523,CS
654,cs1
3847,CS2
3849,CS3
3979,CS4
4019,CS5
509,CT
510,CT1
709,CT2
2057,CT3
547,CTS
3944,CW
724,DA
780,da1
311,DAC
806,danp
139,DAS
286,DAVE
1349,DB
2703,DB1
390,DB2
2706,DB3
2709,DB4
431,DC
432,DC1
4045,DC2
616,DC3
665,dc4
406,DCM
623,DCW
865,DD
594,DD1
211,DD2
3713,DD3
792,DD4
13,DDA
457,DDL
202,ddl1
1347,DE
656,de1
1639,DE2
3745,DE3
3746,DE4
580,DEB
560,DEM
624,DEN
4563,DF
864,DFM
274,DG
2,DG1
3756,DG2
35,DGG
113,DGK
109,dgk1
185,DGM
122,DGM1
694,dh
671,DH1
4058,DH10
228,DH2
2268,DH3
2273,DH4
3712,DH5
3772,DH6
3776,DH7
3988,DH8
3991,DH9
4032,DHBMS
4007,DHENG
402,DJ
730,DJ1
676,dj2
2063,DJ3
3792,DJ4
3800,DJ5
3940,DJ6
4252,DJ7
608,DJA
849,DJB
215,DJB1
833,DJD
711,DJE
712,DJF
713,DJF1
532,DJM
861,DJM1
137,DJS
144,DJV
561,DJW
1951,DK
2302,DK1
373,DL
544,DL1
1362,DL2
1602,DL3
3805,DL5
3810,DL6
536,DLB
4660,DLDNG
224,DLE
289,DLE1
714,DLF
110,DLK
562,DLT
55,DM
121,DM1
543,DM2
1817,DM3
2271,DM4
3820,DM5
627,DMC
596,DMJ
563,DMS
145,DMW1
1736,DN
3813,DN1
4123,DN2
4595,DNS
378,DO
4943,DOKE
805,DougL
129,DP
502,DP1
302,DP2
276,DP3
88,DP4
1658,DP5
2296,DP6
3838,DP7
698,DPB
860,DPH
467,DR
506,DR1
207,DR2
3740,DR3
3841,DR4
3845,DR5
520,DRH
126,DRN
804,DRS
472,DS
725,DS1
3855,DS10
3856,DS11
3907,DS12
3919,DS13
4580,DS14
708,DS2
176,ds3
768,DS4
6,DS5
1745,DS6
2650,DS7
3850,DS8
1684,DS9
103,DSE
4590,DSLW7
4840,DSW
416,DT
3865,DT1
3959,DT2
3942,DT3
3961,DT4
564,DTN
1594,DU
8,DV
4589,DVDSL8
104,DVF
750,DW
477,DW1
478,DW2
479,DW3
675,dw4
3869,DW5
4078,DW6
781,dwm
51,DWM1
85,DWZ
1789,EA
255,east subUR
692,EB
588,EC
1685,EC1
4371,EC2
259,ecf
1715,ECKERT
789,ef
628,efd
617,EG
618,EG1
4053,EG2
842,EGB
566,EH
495,EJ
199,ej1
3797,EJ2
835,EJL
287,EJM
288,EJW
372,EK
548,ELITE
629,EM
411,EM1
50,EM2
116,EM3
1972,EM4
366,EMC
1314,emmgmt
1719,emmgmtshy
2003,EN
3812,EN1
3996,EP
505,EQ
866,ERC
508,ES
123,ESM
776,ew
261,fbk
21,FC
430,FC2
240,FD
217,FD1
808,FDS
568,FH
3767,FH1
632,FJB
533,FJC
710,FK
3807,FL
565,FLG
2067,FM
4146,FOS
735,FPL
201,fpl1
3947,FR
62,FRP
809,FS1
419,FW
3873,FW1
846,FWJ
537,FWV
421,GA
114,GAL
837,GAR
362,GB
2289,GB1
819,GBW
3899,GC
862,GCH
58,GCN
195,gd
436,GD1
295,GDF
245,GE
338,GF
161,GH
400,GH1
339,GJ
164,GJ1
2278,GJD
571,GJG
451,GJJ
811,GJP
651,GJP1
76,GJS
141,GJS1
3808,GL
285,GLS
498,GM
408,GM1
5,GM2
2089,GM3
3827,GM4
538,GMJ
597,GN
1701,GP
507,GR
313,Greg_K
822,GRL
1783,GRUNAU
340,GS
111,GSK
741,GT
3860,GT1
3867,GT2
29,GTD
384,GW
46,GWL
663,GY
481,HA
422,HA1
319,HA2
19,HAB
2097,HB
341,HC
3734,HD
3750,HF
4048,HF1
4049,HF2
3903,HG
530,HGL
850,HKG
539,HLM
669,HM
4071,HR
534,hs
383,HT
3866,HT1
4263,HT2
447,HTH
3955,IA
2710,IB
3758,IG
450,IH
4466,IHC-DW
4465,IHC-JP
4594,IHC-JP1
4174,IHC-JS
4459,IHC-PS
828,IRD
1984,IT1
488,IVC
480,IY
3714,IZ
657,ja
655,JA1
3720,JAB
237,JAC
173,jac1
392,JAC2
863,JAD
756,JAH
630,JAM
581,JAM1
81,JAT
364,JB
609,JB1
2680,JB10
2695,JB11
4044,JB12
309,JB2
188,JB3
210,JB4
1718,JB5
1777,JB6
1818,JB7
1975,JB8
2290,JB9
661,JBrown
336,JC
333,JC1
296,JC2
3725,JC3
3726,JC4
14,jca
802,JCM
380,JCR
572,JD
1731,JD1
1806,JD2
4046,JD3
284,JDC
1761,JDC1
820,JDG
48,JDL
297,JDS
262,jdw
112,JEK
298,JEM
205,JEM1
171,jes
867,JES1
757,JET
7,JET1
79,JET2
4050,JF
44,JFK
128,JFO
75,JFS
1697,JG
788,jg1
154,jg2
227,JG3
3761,JG4
4250,JG5
197,jgrb
573,JGS
755,JH
1800,JH1
1977,JH2
3764,JH3
3775,JH4
39,JHJ
680,JHW
622,JI
453,JJ
773,jj1
160,JJ2
1760,JJ3
3787,JJ4
3790,JJ5
3798,JJ6
3905,JJ7
4471,JJ8
4867,JJA
337,JJC
34,JJG
803,JJJ
257,jjj1
815,JJN
4137,JJO
189,JK
1317,JK1
2087,JK2
2303,JK3
156,JKF
4248,JKG
831,JKO
404,JL
277,JL1
232,JL2
794,JL3
1794,JL4
4062,JL5
589,JLA
335,JLD
118,JM
1754,JM1
4278,JM2
525,JM3
283,JM4
610,JM5
2272,JM6
830,JMB1
169,jmj
40,JMK
760,JMN
800,JMU
3935,JN
3983,JN1
379,JO
265,jp
269,JP1
4206,JP10
611,JP2
707,JP3
791,jp4
3835,JP5
3912,JP6
3924,JP7
3936,JP8
4068,JP9
784,jpa
633,JPE
783,JPF
834,JPJ
634,JPV
635,JQF
740,JR
304,JR2
93,JRB
25,JRC
292,JRC1
636,JRC2
845,JRC3
516,JRD
238,JRH
64,JRP
263,jrp1
132,JRP2
650,JRS
90,JRS1
3978,JRS2
637,JRW
72,JS
264,js1
2658,JS2
278,JS3
234,JS4
157,JS5
3937,JS7
98,JSD
2104,JST
511,JT
1769,JT1
4116,JT2
642,JTM
540,JTM1
170,jtm2
856,JTS
331,JU
625,JUW
1728,JV
3922,JV1
494,JVI
747,JW
528,JW1
1753,JW2
280,JW3
1927,JW4
1932,JW5
2261,JW6
2270,JW7
2297,JW8
4077,JW9
716,JWH
838,JWS
4203,JY
3901,KA
535,KAB
848,KAC
32,KAG
855,KAY
821,KAZ
761,kb
218,KC
3727,KC1
4033,KC2
102,KCD
247,KCV
222,KD
395,KD1
3818,KD2
235,KEE
1808,KEG
308,KEN
1781,KF
2069,KF1
3753,KF2
492,KFH
2106,KG
4138,KG1
446,KGH
136,KGS
748,KH
370,KH1
2692,KH2
3723,KH3
3778,KH4
3931,KJ
4140,KJ1
332,KJM
212,KK
3801,KK1
484,KLB
777,klo
1940,KLW
775,km
376,KM1
1938,KM2
334,KMC
394,KMD
2718,KO
706,KP
2021,KP1
3839,KP2
4984,KP3
847,KPC
466,KR
738,KR1
322,KR2
1735,KR3
2058,KR4
4151,KR5
246,KRodgers
643,KRS
328,KS
733,KS1
759,ks2
77,KS3
1746,KS4
3852,KS5
3858,KS6
3939,KS7
3862,KT
385,KW
1778,KW1
3879,KW2
4076,KW3
841,KWD
542,KY1
426,LAB
363,LB
2699,LB1
2701,LB2
3729,LC
644,LCM
348,LD
701,LD3
674,LD4
2022,LDM
1994,LDR
824,LDS
598,LDW
827,LEB
825,LF
143,LFU
574,LG
1741,LG1
3715,LG2
3972,LG3
681,LGB
444,LH
3783,LH1
107,LJ
1683,LJ1
349,LJA
250,LK
612,LK1
11,LLT
702,LM
4065,LM1
428,lmb
1,ln
4025,LN1
4067,LO
3840,LP
4069,LP1
832,LPK
57,lpm
3815,LQ
468,LR
182,LR1
1319,LR2
695,LS
2645,LS1
3859,LS2
4073,LS3
798,LTC
3943,LV
476,LW
3878,LW1
4029,LY-IC
329,MA
4132,MA1
12,MAB1
645,MAC
267,mag
646,MAK
2167,MAL
575,MAM
59,MAO
549,MAROADI
1926,MARSHALL
424,MB
330,MB1
787,mb2
1978,MB3
87,mb4
764,MB5
150,MB6
2700,MB7
2705,MB8
3882,MB9
401,MBJ
56,MBM
153,mbn
485,MC
4547,MC-PITT
347,MC1
365,MC2
367,MC3
521,MC4
703,MC5
599,MC6
20,MC7
1930,MC8
652,MCKAMISH
2166,MCKAMISH1
600,MCS
647,MCS1
688,MD
1770,MD1
393,MD2
1922,MD3
4036,MD4
840,MDB
89,MDR
576,MEF
4201,MEG
440,MF
4153,MF1
369,MG
294,MG1
223,MG2
3757,MG3
3759,MG4
3760,MG5
151,mgmt
268,MGS
183,MH
493,MH1
1918,MH2
2068,MH3
3769,MH4
3782,MH5
3957,MH6
4056,MH7
758,MHA
550,MICHEL
167,mj
184,MJ1
3789,MJ2
673,mj3
3799,MJ4
3909,MJ5
853,MJA
327,MJA1
818,MJC
371,MJH
290,MJI
115,MJM
852,MJR
78,MJT
1807,MK
770,mk1
1936,MK2
2688,MK3
3741,MK4
3804,ML
3811,ML1
117,MLM
499,MM
2689,MM1
410,MM2
577,MM3
3821,MM4
3830,MM5
4034,MM6
514,MMB
569,MMY
127,MO
312,MO1
3795,MO2
551,Montour
193,MP
504,MP1
737,MP2
133,mp3
1933,MP4
664,MR
320,mr1
2061,MR2
2184,MR3
3846,MR4
301,MRB
4275,MRM-SAMPLE
83,MRW
638,MS
405,MS1
414,MS2
469,MS3
149,MS4
1642,MS5
3853,MS6
4279,MS7
95,msb
854,MSC
415,MT
4074,MT1
4027,MTK
4556,MUH_SUP
4024,MV
653,MVW
3716,MW
3874,MW1
639,mwv
387,MY
795,MZ
4548,MZ-PITT
4173,MZ1
4035,NB
1812,NC
2679,NC1
99,ND
1809,ND1
4139,ND2
4990,NG1
399,NH
454,NJ
3906,NJ1
4059,NJ2
442,NJG
43,NJK
24,NLC
315,NM
793,NMS
2101,NNH
2102,NNH1
464,NR
4179,NRO
3938,NS
513,NZ
3770,OH
4255,OTIS 
640,PAG
452,PAJ
344,PB
552,PB1
4040,PB2
270,PC
1653,PD
140,PES
441,PF
3748,PF1
397,PG
198,pg1
3762,PG2
3929,PG3
1360,PH
4691,PH01
1338,PH1
812,PJJ
52,PJM
345,PJP
2072,PK
306,PLB
689,PM
346,PM1
407,PM2
1772,PM3
3932,PM4
63,PMP
641,PMS
601,PO
4413,POIN13
4414,POIN14
4415,POIN15
4416,POIN16
4417,POIN17
4418,POIN18
4407,POIN7
785,pp
1934,PP1
172,pr
2108,PR1
782,prh
2034,PRJ1
2043,PRJ10
2044,PRJ11
2045,PRJ12
2046,PRJ13
2047,PRJ14
2048,PRJ15
2049,PRJ16
2050,PRJ17
2051,PRJ18
2052,PRJ19
2035,PRJ2
2053,PRJ20
2036,PRJ3
2037,PRJ4
2038,PRJ5
2039,PRJ6
2040,PRJ7
2041,PRJ8
2042,PRJ9
69,ps
470,PS1
1747,PS2
2691,PS3
4023,PS4
527,PT
80,PT1
4555,PUH_SUP
266,pvw
303,pw
100,PWD
60,PWO
4544,QRS
578,RA
631,RAM
4570,RAM1
260,ran
579,RAN1
691,RAS
91,RAS1
429,RB
2704,RB1
389,RB2
391,RB3
3902,RB4
5025,RBPITT
752,RC
326,RC1
279,RC2
2715,RC3
590,RD
3732,RD1
790,RD2
3735,RD3
515,RDD
859,RDM
816,RDS
801,REH
690,REV
30,RF
162,RF1
1974,RF2
360,RFB
27,RFD
682,RFG
582,RG
1513,RG1
3930,RG2
4130,RGH
321,RGrz
683,RGT
398,RH
3765,RH1
273,RH2
4131,RH3
648,RHS
626,rhy
668,RJ
4543,RJ-PITT
1787,RJ1
774,rjg
779,rjp
71,RJS
142,RJT1
583,RJV
168,rk
45,RL
5005,RL-SAMPLE
374,RL1
47,RL2
778,rl3
1748,RL4
519,RLG
584,RLM1
685,RLS
839,RLS1
751,RM
459,RM1
3995,RM10
4022,RM11
4135,RM12
375,RM2
1361,RM3
1713,RM4
1740,RM5
2029,RM6
2191,RM7
2300,RM8
2707,RM9
206,RMD
858,RMH
765,RML
49,RMM
4198,RMS 
1656,RO
4066,RO1
253,ROSSO-W
754,RP
613,RP1
1706,RP2
677,RPJ
65,RR
1931,RR1
3842,RR2
3844,RR3
4645,RR4
236,RRB
826,RRB1
291,RRE
857,RRM
4178,RRO
73,RRS
135,RS
74,RS1
621,RS2
1601,RS3
1992,RS4
119,RSM
810,RSP
475,RT
567,RT1
3875,RW
3946,RW1
4136,RW2
323,RWB
38,RWH
42,RWK
851,RWS
31,SAF
324,SAR
2702,SB
667,SB1
767,SB2
486,SC
3730,SC1
325,SCB
256,scf
37,SCG
679,SCHI
3739,SD
174,sd1
300,SDH
368,SE
1755,SG
3755,SG1
4052,SG2
4054,SG3
439,SGE
3771,SH
4991,SH1
3774,SH2
3779,SH3
799,SI
1948,SIMPLEX
2653,SJ
4684,SJ-1
591,SJL
68,SJR
138,SJS
293,SJW
734,SK
165,SK1
1732,SK2
2065,SK3
3802,SK4
4291,SK5
605,SKM
458,SL
2005,SL1
4110,SL2
1973,SM
357,SM1
460,SM2
1643,SM3
3822,SM4
4514,SMA
813,SML
461,SN
1773,SN1
225,SO
3832,SP
396,SPF
1699,SPS
614,SR
471,SS
660,ss1
526,SS2
1657,SS3
2073,SS4
417,ST
473,ST1
3742,ST2
3861,ST3
239,SteveP
553,SUNRAY
3870,SW
3877,SW1
3918,SW2
3816,SY
4276,TAF-SAMPLE
84,TAY
18,TB
425,TB1
1680,TB3
2117,TB4
2304,TB5
2697,TB6
3743,TB7
4043,TB8
22,TC
659,TC1
2279,TC2
2714,TC3
3719,TC4
3724,TC5
3885,TC6
3913,TC7
3928,TC8
409,TCM
4147,TCO
97,TD
433,TD1
435,TD2
731,TD3
3733,TD4
86,TDB
649,TE
4399,TE1
23,TEC
101,TED1
606,TEM
4939,TEST
159,TF
4079,TF1
350,TG
443,TG1
33,TG2
1955,TG3
3718,TG4
4051,TG5
4055,TG6
490,TGD
36,TGG
448,TH
449,TH1
233,th2
3766,TH3
3773,TH4
607,THK
2276,TI
1766,TJ
3788,TJ1
3793,TJ2
4060,TJ3
2024,TJG
351,TJK
108,TJK1
686,TJM
620,tk
1771,TK1
4063,TL
487,TLC
352,TLG
120,TM
2678,TM1
3933,TM2
4031,TMBMS
1708,TMW
1923,TN
3814,TN1
4184,TN2
61,TO
501,TO1
814,TomE
3833,TP
3843,TR
4070,TR1
353,TRM
732,TS
258,ts1
92,ts2
1989,TS3
2002,TS4
3854,TS5
3941,TS6
2080,TT
3864,TT1
4075,TT3
1925,TURNER
3868,TV
158,TW
1767,TW1
2019,TW2
2020,TW3
3876,TW4
4257,TW5
4588,TW6
1336,TWH
3958,UO
437,VAD
423,VB
305,VEH
82,VGV
836,VH
3881,VL
377,VM
704,VM1
275,VM2
3824,VM3
463,VP
1942,VV
192,w-dk
1774,WC
438,WCD
844,WDM
28,WED
678,WFR
518,WG
272,WGW
445,WH
700,wh1
585,WHF
554,WITT
693,WJ1
586,WJT
3803,WK
753,WL
796,WLD
491,WLH
299,WPK
1640,WPS
1516,WRD
381,WS
318,WS1
3863,WT
4171,WV
797,WW
512,WW1
4041,YB
4042,YB1
2674,ZB
3784,ZH
213,ZM
4578,00087583
5012,00176981
4462,00209168
5013,00217683
4996,00555627
4969,00583875
5009,00611384
871,1
883,10
884,11
885,12
2008,13
887,14
876,15
877,16
878,17
888,18
895,19
890,20
891,21
892,22
893,23
1730,24
1764,25
1765,26
1929,27
1935,28
1949,29
872,2CA
873,3
3993,30
4145,31
4175,32
4375,33
874,4
875,5
879,6
880,7
881,8
882,9
868,AJZ
897,CALVIN
870,DOUG
894,GJB
896,JAY
2115,JS
886,LAS
2277,MA
1342,RT
869,STAN
889,VMD
4592,00184612
4345,00201233
4467,00217840
4593,00226330
4859,00510129
4999,00591493
5027,00617022
5028,00617130
5029,00617694
935,AEJ
3965,BAK
940,BCM
3992,Chad
942,CSH
937,Dick
930,DJK2
944,DJM2
3964,DJV
931,JBR
941,JGW
926,JHW1
945,JWH1
939,MEV
932,MLT
943,MWA
4292,RFC
927,RJC
928,RLJ
936,ROY
938,Stiller
946,THP
929,WLJ
4858,00524996
1519,20
1352,ab
1803,BB
2661,bdf-asu-11
1356,bh
1353,bl
1357,ef
1756,jg
1351,js
1355,js1
1610,jsp
2651,JZ
1811,MW
1737,ph
1515,sl
1354,so
1350,sw
2657,sw1
4268,0
1950,2425
1058,ADMIN
993,AJL
972,ATS
973,AWS
1068,BJR SS
1052,BTP
998,CAB SS
971,CDL
965,CJD
4258,CJD1
1057,CK SS
1032,CSD
966,DAH
1061,DBB
1000,DDC
1033,DDR
1065,des
967,DJB SS
974,DJC
948,DKH
1002,DLD
1051,DLM
1004,DMD
1031,DMW
1053,DVO
1038,EBH
1040,EEP
1034,EJK1
1006,EML SS
1022,ESI
987,FHG
1062,frs
1063,GAB
952,HJS
1024,HRK
953,JBB
978,JCS
1595,JG1
1035,JHF
1724,JM
1698,JP
1028,KAN
1046,KLG
975,KM SS
976,KPY
989,KTT
1048,KWA
1042,LABMAN
1044,LLW
1030,LMB SS
1049,MAB
991,MAD
960,MGG
1008,MJJ
968,MJM SS
961,MJS
1010,MRG
1059,NJM
1011,NMB
2125,OB-AML
2120,OB-DJP
2121,OB-GMD
2126,OB-LDR
2123,OB-LF
2124,OB-LPK
2122,OB-RLM
2127,OB-TB2
947,OUT
963,PAB
1012,PAP SS
1036,PJW
1047,pmh
4186,RCW
970,RFD SS
1015,RJB
1066,RJT
1016,RMM SS
1039,RRR
981,RSK
982,SD
1064,SDH1
1060,SECURITY
1696,SH
1067,slm
1041,smh
1054,SR SS
1020,TAF
2660,TAH
4121,TG
1050,TLD1
992,TRD
1021,TRS
1037,WJD
1055,WLC
977,WRC
1056,WS SS
1089,0
1090,0000
1647,00000693
1091,00006979
1705,00016375
1710,00017286
4191,00022606
1107,00033957
4526,00044397
1086,00057004
1970,00064669
1711,0006950
4509,00069597
1968,00069607
1076,00073300
1967,00076404
4515,00081114
5016,00089720
1084,00089870
1085,00096082
4510,00097379
1704,00098857
1100,00108704
1099,00108884
1101,00108907
1106,00110177
4527,00114431
1969,00124039
1722,00127302
1723,00127413
4513,00131696
1762,00131737
1763,00132016
4507,00133211
1775,00133441
4508,00136952
1941,00145031
1944,00145471
1964,00148083
1966,00148086
1965,00148117
2010,00152654
2023,00153537
2026,00154328
4512,00160441
4609,00160739
4959,00161301
4511,00164903
4192,00166165
4934,00185157
4583,00185384
4613,00186860
4560,00188745
4204,00198028
4247,00198200
4260,00198795
4374,00209542
4610,00214623
4396,00215081
4429,00215842
4430,00215904
4442,00217302
4445,00217554
4455,00219371
4458,00219671
4517,00223452
4518,00223717
4538,00225562
4575,00227977
4581,00228894
1788,0022892
4886,00233998
4649,00234184
4663,00235188
4683,00238584
4853,00524791
4857,00551713
4869,00556367
4894,00560092
4918,00566839
4929,00572474
4946,00575530
4956,00578649
4987,00593497
5024,00613388
5017,00613734
1088,107910
1093,15887
1077,1610
1078,49262
1075,51177
1079,51532
1092,51615
1074,52431
1080,52449
1081,5387
1082,57414
1083,62303
1102,6282
1087,63296
1103,63311
1096,63382
1104,6619
1105,6627
1069,6650
1070,6668
1098,6726
1097,69016
1071,6916
1072,70783
1094,80760
1095,86095
4468,AD
2293,AM
2294,BR
4612,CK-TEST
2295,DM
4259,DS1
3952,FI1
4114,GDT1
2291,JB
3971,JDD1
4193,JES
3950,JG1
2299,JJ
4028,JK1C
3976,JML1 Mgt
3951,JP1
2642,JRS1
2262,JSM
3897,KWK
2275,MA
4195,MZ1
4377,RC1
3880,RLB1
4205,SAS1
2668,SE1
2263,SV
4150,TMC01
2280,WPAYNE
1073,xxxxxxxxxx
4895,00044194
4591,00098890
4550,00123093
4370,00193543
4924,00215900
4476,00220110
4505,00222185
4582,00229023
4665,00233969
4681,00237253
4688,00238184
4847,00530307
4925,00568453
4928,00570701
4931,00572100
4933,00574638
4973,00584954
4974,00585501
5001,00606076
1344,1-EN-BJ
1158,ADM-CA
1128,CA-BJ
1797,CA-CM
1129,CA-GS
1130,CA-HH
1131,CA-HK
1132,CA-LW
2164,CA-RW
1604,CA-TR
4474,CA-WB
1125,CHP
4919,CHP-SP
2656,CHPS
3962,EL-BR
1161,EL-FM
1157,EL-KP
2031,EL-LB
4426,EL-LW
1590,EL-MF
4398,EL-MM
2643,EL-ON
1150,EL-PR
1138,EL-PW
1607,EL-SD
1139,EL-TG
4118,EL-YJ
1654,EN-BC
1714,EN-BJ
2060,EN-BS
1154,EN-BT
1163,EN-CJ
2062,EN-CJ1
2682,EN-CL
1603,EN-FJ
1152,EN-FW
1133,EN-HJ
1608,EN-HOLJ
4156,EN-JR
1155,EN-KJ
1592,EN-KM
1814,EN-MB
1134,EN-MK
1135,EN-MR
4183,EN-MS
1162,EN-RE
1127,EN-RL
2190,EN-RS
1815,EN-SR
4887,EN-SZ
3888,EN-TD
1124,EN-TN
1804,EN-WM
1358,EN-WP
1805,EN-WV
4182,GM-CW
1136,GM-DA
1799,GM-DL
1606,GM-LD
1343,GM-LR
2030,GM-OJ
1137,GM-RJ
2116,GM-SN
4473,GM-ZS
1153,Hvac-BC
1140,Hvac-BS
1609,Hvac-DJ
1141,Hvac-GD
2109,HVAC-gj
1159,Hvac-JK
1316,Hvac-LC
1979,Hvac-NN
1142,Hvac-TW
4397,HVAC-WG
1151,Hvac-WR
4185,JC
1644,KEYS
4004,KK
1679,L-1-EN-BC
1120,L-AV
1121,L-HSK9
1123,L-PRO-M
1126,L-RRC
1119,L-UA
1118,L-UC
1117,L-UE
2665,L-UEN
1116,L-UH
1115,L-UPA
1122,L-UPL
1337,MAT
1671,ME-TG
2676,MGR
1143,MH-WD
2274,MK
1717,MS
2148,OB-AML
2150,OB-DJP
2145,OB-GD
2152,OB-GMD
2151,OB-LDR
2146,OB-LF
2147,OB-LPK
2149,OB-RLM
2144,OB-TB2
1645,Office
1591,PA-AK
1147,PA-BJ
1345,PA-DD
1346,PA-KE
1605,PA-MS
1149,PA-RB
2641,PL-EG
1599,PL-FL
1156,PL-HM
1144,PL-LC
2663,PL-LS
1145,PL-WJ
1146,PL-WR
3963,STF-RL
1716,TEMP
1165,1-ADM-CA
1206,1-CA-BJ
1207,1-CA-GS
1208,1-CA-HH
1209,1-CA-HK
1210,1-CA-LW
1167,1-E-FM
1339,1-EN-BJ
1170,1-EN-CJ
1211,1-EN-HJ
1166,1-EN-JK
1212,1-EN-KG
1235,1-EN-LC
1213,1-EN-MK
1214,1-EN-MR
1169,1-EN-RE
1205,1-EN-RL
1178,1-EN-SG
1514,1-EN-WP
1215,1-GM-DA
1340,1-GM-LR
1216,1-GM-RJ
1164,1-ME-KP
1217,1-ME-PW
1191,1-ME-RT
1218,1-ME-TG
1219,1-MH-BS
1220,1-MH-GD
1221,1-MH-TW
1179,1-MH-WD
1222,1-MP-LC
1223,1-MP-WJ
1224,1-MP-WR
1225,1-PA-BJ
1341,1-PA-DD
1226,1-PA-HJ
1348,1-PA-KE
1227,1-PA-RB
1193,1-PL-SR
1202,2-EN-CR
1198,2-EN-TN
1228,2-ME-PR
1229,2-MH-WR
1230,2-MP-FW
1231,3-EN-BC
1232,3-EN-BT
1233,3-EN-KJ
1234,3-MP-HM
1180,4TH FLOOR
1181,5TH FLOOR
1615,ADC
1622,AES
1630,AR1
1184,AV
2269,AV1
2639,BG
1619,BMM
1738,BR
1668,BSM
1638,CGB
1199,CHPN-CW
1196,CHPN-KG
1192,CHPN-SB
1187,CI
1188,CI1
1664,CPB
1648,CRK
1634,DD4
1672,DJB1
1185,DK
1629,DM
1743,DN
1204,DO1
1702,DP5
1626,DWM1
1624,DWZ
1793,EA
1682,EM2
1676,GJS
1921,GP
1628,GTD
1650,GWL
1709,HAB
1195,HH
1182,HSK9
1660,JAT
2204,JC
1651,JCA
1734,JDL
1692,JFK
1621,JFO
1635,JFS
1618,JHJ
1700,JJG
1749,JMK
1186,JR9
1669,JS
1661,JS5
3923,JV
2298,JW
2107,KG
1802,KR3
1686,MAB1
2059,MB
1631,MBM
1673,MC7
1677,MDR
1667,MJT
1690,MRW
2165,MZ
1988,NJK
1689,NLC
1655,PH1
1627,PJM
1659,PMP
1201,PRO-ENG
1197,PRO-M
1674,PS
1688,PT1
1620,PWO
1663,RF
1616,RF1
1612,rfd
1649,rjs
1681,RL2
1752,RM5
2055,RM6
1632,RMM
1666,RO
2664,RR
1183,RRC
1623,RRS
1971,RWH
1646,RWK
1687,SCG
1611,SJR
1665,SS3
1614,tc
3915,TC1
1613,TDB
1670,TG2
1617,TGG
2179,TM
1168,TMS
1776,TMW
1662,TO
1200,TR
2086,TT
2025,TW3
1172,UA
1173,UC
1174,UE
1175,UH
1176,UPA
1190,UPL
1177,UU
1625,VGV
1194,WB1
1189,WB9
1652,WED
1203,X-MA
4677,00014593
4669,00051772
4678,00053770
4630,00061175
4668,00063066
4670,00101467
4349,00160741
4266,00166027
4393,00193402
4368,00209174
4443,00216793
4540,00223587
4531,00224067
4667,00234958
4666,00234975
3948,70295
1236,AMJ
1312,AWJ
1299,BFR
2096,BJ
1300,BJE
1301,BKL
1273,CA
1303,CAS
1304,CBR
1305,CJ
1306,CJW
1287,CL-M
1274,CMR
1307,CRJ
1275,CRM
4115,DEM
1276,DFL
1277,DGT
1308,DJO
2105,DMS
1278,DTM
4000,EAP
3911,EJR
1309,FAJ
1310,FDW
1279,FJE
1297,FJK
1298,FWG
1280,GDT
2082,GG
1281,GKE
1237,GKL
1238,GME
1282,HH-M
2673,HJ
1239,HP
1240,HSM
1241,KBJ
1283,KD-M
1242,KDA
1243,KDC
1244,KGA
1245,KGJ
1246,KJJ
1247,KLE
1248,KMS
1284,KR-M
1249,KRW
2195,KS
1295,LA
1285,LM-M
1250,LMP
1251,MAL
1286,MAM-M
1739,MBR
1518,MN
4264,MRL
4038,MSB
1296,NAL
1252,NJP
2160,OB-AML
2162,OB-DJP
2157,OB-GMD
2163,OB-LDR
2158,OB-LF
2159,OB-LPK
2161,OB-RLM
2156,OB-TB2
2066,OUT
1253,PDK
2079,PF
2078,PFJ
1757,PJ
1288,PJJ-M
1254,PK
1255,PRJ
1256,RCE
1257,REC
1258,RJJ
1259,RKA
2193,RSL
2088,RW
1260,SDE
1678,SF
1261,SFL
1262,SJ
1263,SJC
1264,SJM
1289,SJR-M
1290,SJW-M
1265,SKJ
1266,SMJ
2259,SR
1267,SWK
1268,TGB
1292,TMS-M
1293,TRB-M
4037,VL
1782,VP
1269,WDJ
1294,WJS-M
1311,WM
1270,WRG
1271,ZRS
1272,ZTW
4188,00162206
1329,2
2180,AC
1322,ATL
2181,BM
1326,CATHL
1695,COL
1694,CONR
1335,FAC
1693,GAH
1321,GAR
2182,GM
1328,GUS
1520,IT 
1332,JB
1330,JC
1325,JEN
1324,JOH
1327,JPC
1323,MAR
1334,MF
1703,NM
1331,OS
1333,PC
1320,SEA
1784,TS
4585,00179675
4243,00197702B
4261,00199016B
4283,00200833B
4347,00204084B
4500,00222589
4565,00224772
4622,00231314
4624,00231972
4903,00564376
4981,00585255
4890,123456
4891,1234567
2118,AK
4428,AS
2114,BB
1393,BG
1394,BGR
1990,BK
1421,BM
4144,BMS-MMB
4142,BMS-RN
4262,BMS-TE
2103,BT
1399,BW
1443,CB
2154,CB2
1397,CCL
1461,CHL
1418,CL
1455,CLL
1409,CP
1438,CR
1459,CV
1449,CWS
1430,DA
1445,DAM
1412,DAN
1410,DB
1371,DC
2119,DE
2265,DE2
1391,DG
2264,DH
3997,DH2
4006,DHENG
1368,DJ
1378,DL
4126,DLSW
1395,DM
1460,dp
1462,DPM
1375,DS
1379,DT
1440,ec
1458,EDK
1424,EK
1720,ev
1380,FS
1401,GB
1376,GC
3989,GG
1417,GH
1377,GHB
4026,GM
4127,GSB
1407,GW
3895,GW1
1382,HDN
1452,JAB
1383,JB
1792,JB2
2687,JB3
1450,JC
4896,JC01
4897,JC02
4898,JC03
3887,JC1
1384,JD
1437,JE
1372,JF
1369,JG
1366,JH
4009,JH1
1447,JIMD
1924,JJM
1451,JK
1431,JM
2075,JM2
1952,JN
1365,JOB
2099,JS
1373,JT
1457,jv
1405,JWB
4196,JY
4141,KJ
1425,KS
2155,KS2
1420,LG
2189,LH
1436,LOG
1433,MB
2153,MB2
1426,MC
1786,MDB
1406,MM
1414,MO
4282,MRM-SAMPLE
1442,MS
1439,MTK
1432,MV
1456,MVA
1419,N
1991,NB
1422,NS
2172,OB-AML
2174,OB-DJP
2169,OB-GMD
2175,OB-LDR
2170,OB-LF
2171,OB-LPK
2173,OB-RLM
2168,OB-TB2
1403,OW
1388,OWL
1415,PA
1993,PDA
4400,POIN
4401,POIN1
4410,POIN10
4411,POIN11
4412,POIN12
4419,POIN19
4402,POIN2
4420,POIN20
4421,POIN21
4422,POIN22
4423,POIN23
4425,POIN24
4403,POIN3
4404,POIN4
4405,POIN5
4406,POIN6
4424,POIN8
4409,POIN9
1434,RAB
1411,RAY
1444,RC
1389,RD
3969,RF
1367,RJ
1423,RK
2113,RM
2188,RS
1390,RU
1448,RW
1400,RY
1408,SB
1398,SD
4197,SH
2654,SHYPLM-DS
1402,SJ
1374,SV
1454,TD
1441,TF
1413,TL
1370,TM
3986,TT
1416,TW
1945,TZ
4506,UK-BMS
1446,VAL
2662,VH
1364,VZ
1453,WG
1427,WW
4273,00086619
4892,00216683
4940,00231381
4671,00236684
4865,00552774
1517,2001
2666,2002
2667,2003
1486,C 101
1473,C 102
1488,C 103
1472,C 104
1474,C 105
1485,C 106
2640,C 107
2652,C 108
2690,C 109
3985,C 110
4133,C111
4134,C112
1593,GC01
1597,HVAC01
1596,IGM01
1509,OT 1
1464,Ron
1479,S01
1484,S02
1489,S03
1477,S04
1501,S05
1480,S06
1511,S07
1507,S08
3794,S09
4155,S10
1502,S100
1478,S1000
1482,S102
1503,S103
1505,s104
1469,S105
1499,S106
1742,S107
2110,S108
2177,S109
4359,S11
2178,S110
4446,S12
4615,S13
1506,S200
1490,S2000
1475,S201
1476,S202
1504,S203
1483,S204
1508,S205
1758,S206
1953,S207
2098,S208
2187,S209
3998,S210
1498,S300
1481,s301
1463,S302
1500,S303
1491,S304
1795,S305
1919,S306
1937,S307
1947,S308
1983,S309
3970,S310
4008,S311
4472,S312
1468,s400
1467,S401
1492,S402
1465,S403
1512,S404
1466,S405
1493,S406
1470,S407
1494,S408
1471,S409
1495,s410
1496,S411
1487,S412
1510,S413
1497,S414
1636,S415
1637,S416
1691,S417
1725,S418
1726,S419
1727,S420
1796,S421
1801,S422
1980,S423
1981,S424
2006,S425
2027,S426
2092,S427
2093,S428
2094,S429
2095,S430
3920,S431
3926,S432
4128,S433
4129,S434
4277,S435
4499,S436
4496,00063399
4244,00088132
4280,00110683-I
4493,00119339
4346,00125415
4650,00125420
4281,00127841-I
4533,00147246
4494,00147383
4495,00149959
4356,00151353
4498,00155305
4497,00158660
4194,00192566
4662,00232678
4947,00576147
4968,00585369
4998,00594678
1522,A1
1523,A5
1524,B1
1525,B2
2100,B3
1526,B4
1943,B5
3910,BL
1527,C1
1528,C2
1529,C3
4020,CL
1530,D1
1531,D2
1532,D3
1533,D4
1534,D5
2054,D6
1535,D7
4617,D8
1536,dcr
2074,DK
1537,E1
1538,E2
1539,F1
1540,F2
1541,F3
1542,F4
1543,F5
1544,F6
2070,F7
1545,G1
1546,G2
1547,G3
1548,G4
1549,H1
1550,H2
1551,H3
1552,H4
1744,H5
3980,H6
4113,H7
4180,H8
1553,I2
2301,jb
1554,K1
2064,K2
1555,K3
2071,K4
4039,K5
1556,L1
2708,L10
1557,L2
1558,L3
1559,L4
1560,L5
1561,L6
1712,L7
1759,L8
4408,L9
1562,M1
1563,M10
1564,M11
2076,M12
4274,M13
4537,M14
4618,M15
4620,M16
1565,M2
1566,M3
1567,M4
1568,M5
1569,M6
1570,M7
1571,M8
1954,M9
4644,N1
1572,O1
1573,O2
2132,OB-AML
2134,OB-DJP
2129,OB-GMD
2135,OB-LDR
2130,OB-LF
2131,OB-LPK
2133,OB-RLM
2128,OB-TB2
1707,P1
1574,R1
1575,R2
1576,R3
1577,R4
1578,R5
3796,RL
3896,RL1
1579,S1
1580,S2
2091,S3
1581,S4
3981,S5
1582,S6
4177,S7
4454,S8
2176,SB
1939,SL
1583,T1
4254,T2
4541,TG1
1584,UNKNOWN
1585,V1
1586,W1
4149,W2
1587,W3
1768,W4
1928,W5
4619,W6
1588,Y1
4001,Y2
1589,Z1
1598,Z2
4629,00014185
4915,00118922
4208,00141973
4576,00142172
4916,00169670
4287,00201238
4448,00216783
4453,00219165
4483,00221448
4607,00230501
4910,00500242
4830,00507222
4843,00508647
4842,00509012
4917,00561272
4893,00562210
4930,00570921
4989,00598577
5007,00612681
4954,DDN
4952,GD
2218,HAM-AM
2197,HAM-AO
2234,HAM-AW
2257,HAM-AZ
2237,HAM-BB
2685,HAM-BD
2208,HAM-BH
2207,HAM-BI
2213,HAM-BK
3994,HAM-BK1
2232,HAM-BM
4202,HAM-BS
2229,HAM-CA
2196,HAM-CH
2230,HAM-CH1
2202,HAM-CR
2258,HAM-CS
2222,HAM-DA
2256,HAM-DC
2681,HAM-DD
2227,HAM-DH
2198,HAM-DJ
2233,HAM-DN
2686,HAM-DR
2254,HAM-DS
2211,HAM-DT
2224,HAM-EB
3914,HAM-EB1
2206,HAM-FC
2200,HAM-GI
2231,HAM-GK
2249,HAM-GK1
2235,HAM-GL
2223,HAM-JB
2228,HAM-JD
2225,HAM-JG
2219,HAM-JM
2248,HAM-JM1
2236,HAM-JW
2252,HAM-JW1
2239,HAM-KF
2240,HAM-KF1
2226,HAM-KG
2243,HAM-KM
2251,HAM-MC
2220,HAM-MG
3908,HAM-MG1
2212,HAM-MH
2221,HAM-ML
2244,HAM-MM
2201,HAM-MP
2255,HAM-MS
2205,HAM-MV
4018,HAM-PH
2247,HAM-PS
2215,HAM-RA
2210,HAM-RB
2238,HAM-RB1
2216,HAM-RC
2242,HAM-RL
2203,HAM-RN
2209,HAM-RR
2245,HAM-RS
2199,HAM-RW
2241,HAM-RW1
2246,HAM-RW2
2253,HAM-RW3
2250,HAM-SA
2214,HAM-SB
2217,HAM-TM
4951,JC
4953,JZD
4926,LKT
4567,00066698
4849,00196084
4551,00226191
5026,00618612
1956,1
1957,2
1958,3
1959,4
1960,5
1961,6
1963,7
2014,CB
2015,CD
3968,CW
2081,DB
4362,DB1
2001,DS
2185,EL
3987,GF
2305,JB
2012,JC
1995,KE
2083,LB
2013,LP
3966,MC
2018,MM
1997,MS
2017,MV
2669,MW
2085,PO
1999,RB
4932,RH
1998,RL
2056,RL1
1996,RO
4003,RS
2000,SD
3967,SH
2084,SM
2194,ss
3898,TG
2016,TP
2192,TS
4584,00002434
4353,00005671
4382,00065300
4444,00114621
4352,00124540
4379,00128781
4383,00130820
4381,00155568
4391,00179205
4436,00182786
4378,00186778
4380,00192546
4623,00193543
4271,00199528
4289,00201200
5022,00202098
4351,00204955
4369,00207761
4384,00214303
4387,00214341
4388,00214437
4390,00214716
4586,00221025
4569,00227068
4573,00227188
4850,00238474
4841,00507331
5003,00583768
4967,00584948
1881,ADC
3917,AJ
3925,AVJ
1987,BG
1861,BJL
1892,BL
1820,BMF
1904,BSM
1821,BWL
1822,CBW
1917,CD
3921,CD2
3977,CLB
1823,CLM
4005,CMH
4267,CMP
1824,CPA
1880,CTT
1910,CU
1908,CUL
4435,CV
2077,DAL
1906,DJO
1875,DJS
1825,DLF
1826,DMH
2266,DP
1907,DRO
4488,DSC
1879,DSK
1876,DWK
1862,EAR
1827,EFM
1828,EJL
1900,ek
1883,EL1
1882,EL2
1863,ELP
1894,EMD
1829,ENG
1830,ETG
1902,EVS
1901,FI
1831,FME
1832,GAR
1877,GEN
1833,GJB
1986,GJK
1834,GLL
1864,GMK
1835,GRK
1836,HAL
1837,HWH
1865,JAB
3953,JAK
1898,JBB
1838,JCS
4111,JDF
1839,JFW
1916,JJ
1915,JJC 
1866,JJP
1840,JJS
2033,JKN
2032,JKW
1893,JOK
1912,JRA
1841,JRL
1867,JRP
1868,JRS
1905,JW
1842,JWP
2090,KT
1888,LAV
1913,LEM
1903,LMU
1884,LOG
1885,LSP
1878,LWO
1843,MAI
1911,MAM
4272,MAS
1844,MCP
1889,MDL
4021,ML
4290,MPT
2186,MS
1909,MTG
4856,MWH-ENG
3916,MWL
1895,NJC
1845,NJM
1846,NRL
2140,OB-AML
2142,OB-DJP
2137,OB-GMD
2143,OB-LDR
2138,OB-LF
2141,OB-RLM
2136,OB-TB2
2139,OBLPK
1847,PRC
1874,RB
3990,RDV
1848,REF
1849,RFP
4389,RM
1869,RMTG
1860,RVD
1891,RVT
1899,SCD
1897,SJD
1870,SJH
3982,SRD
1850,TAB
4626,TE
1851,TER
2004,TG
1852,TLM
4124,TMA
1887,TMC
2671,TOE
1871,TPB
1872,TRD
1853,TSB
1854,VMD
1855,WAB
1856,WAC
1914,WC
1886,WEW
1873,WGH
1857,WJW
1858,WWF
1890,WYATT INC
1896,zMBM
1859,ZMF
4602,00025264
4598,00077487
4603,00107284
4600,00163394
4604,00166031
4599,00172987
4605,00182689
4601,00221067
4686,CONVGT
4010,JM-OD
4647,SECU
4652,VECT
4187,00162206
4231,00171360
4216,00171439
4228,00171537
4246,00171655
4234,00171681
4220,00171686
4210,00171705
4207,00171819
4189,00171863
4219,00171987
4224,00172055
4217,00172064
4221,00172312
4238,00172320
4227,00172424
4214,00172503
4239,00172758
4215,00172877 
4358,00172940
4233,00172969
4230,00173224
4232,00173267
4229,00173807
4923,00173964
4935,00176586
4222,00176886
4921,00178605
4211,00188613
4212,00188880
4218,00189593
4241,00193979
4209,00194395
4213,00194431
4223,00196716
4225,00196769
4226,00197116
4245,00198189
4270,00199622
4679,00204604
4361,00207271
4392,00214298
4394,00214487
4395,00214616
4427,00215075
4434,00215396
4437,00215481
4433,00215589
4432,00215726
4439,00216106
4452,00217183
4451,00217211
4450,00217227
4937,00217263
4449,00217340
4456,00218778
4457,00218829
4461,00219382
4938,00220291
4487,00220631
4486,00220666
4484,00220686
4477,00220717
4485,00220989
4490,00221240
4491,00221339
4504,00221840
4501,00222038
4519,00223015
4521,00223329
4520,00223495
4528,00223724
4529,00224379
4545,00225290
4549,00225302
4546,00225635
4557,00225873
4558,00225933
4559,00225987
4568,00226444
4572,00226902
4653,00233033
4654,00233077
4363,00246568
4920,00510277
4846,00510625
4889,00558899
4912,00564482
4949,00574815
4950,00574893
4972,00585270
4975,00589553
2492,AAMCO
2517,AB
2549,ACC
2527,AF
2538,AF2
2488,AG
2390,AJW
2453,ALT SW
2361,AMI
2363,AMK
2545,AMR
2523,AR
2449,ARAMARK
2489,ARB
2448,ASCO
2498,AUTO ADV
2370,BAM
2493,BARR
2477,BBC
2520,BG
4625,BITER ELEC
2387,BJS
2364,BLK
2534,BLS
2471,BN
2306,BPS
2542,BS
2461,BUT
2556,BUTLER SPE
4249,BW
2543,BZ
2341,CAB
2446,CAM
2457,CAR
2355,CEF
2307,CF
2484,CHT
2337,CJH
2383,CLS
4237,CM
2394,CMW
2308,CONT
2441,CONT-SCHUL
2416,CRF
2309,CS
2515,CS2
2345,DAB
2356,DAF
2423,DC
2536,DC2
2342,DCB
2508,DCG
2434,DEG
2310,DFP
2439,DG
3954,DJA
2397,DJZ
2311,DLB
2525,DM
2351,DMD
3984,DP
2648,DR
2312,DRG
2313,DS
2314,EB
2413,ebb
2407,EFS
2412,EJB
2406,EJR
2435,EK
2399,EKA
2455,EMP COMM
2442,EMS
2347,EPC
2315,EVS
2340,EVS-ST
2554,FDS
2316,FGB
2672,FILTECH
2501,FioreToyot
2450,FIT
2507,FLEMING
2425,FLL
2532,FR
2683,FS
2465,FW
2432,GAS
4503,GAV-WAS
2499,GC
2522,GJ
2317,GM
2414,GS
2403,GWL
2475,GY
4154,HAIGH
2555,HANCO
2426,HDS
2505,Himes
2479,HOFF
2504,HUDSON
2478,IMAGE
2402,JAE
2482,JAH
2376,JAN
2392,JAW
2433,JCP
2429,JD
2318,JDN
2343,JEB
2524,JF
2319,JFS
2409,JG
2320,JGD
2321,JH
2473,JL
2357,JLF
2360,JLH
2533,JM
2322,JMD
2373,JMM
2506,JOHNNY
2323,JR
2535,JRS
2459,JS
4002,JT
2324,JVD
2540,KB
2353,KFD
2344,KLB
2659,Kreuz's
2485,KRU
2456,KZ
2388,LAT
2468,LB
2516,LB2
2358,LDG
2469,LIN
2367,LJM
2440,LMM
2417,LR
2502,LSF
2352,MAD
2451,MADDENS
2336,MAF
2420,MAM
2377,MAO
2378,MAP
2411,MAW
2436,MB
2458,MBCAR
2537,MC
2431,MCC
2497,MCCRACKEN
2401,MEB
2386,MES
2325,MG
2531,MH
2496,MIL ELEC
2404,MJL
2405,MJM
4364,ML
4236,ML0
2424,MLEEDY
2379,MLR
2421,MLynam
2490,MM
2348,MPC
2466,MPM
2491,MRM
2528,MW
2385,NAS
2518,NC
2375,NDN
2509,NEFF
2350,NLC
2419,NMc
2349,PDC
3974,PI
2503,PINNAC
2382,PKS
3889,PL
2487,PNT
2400,PRB
2539,PW
2369,RAM
2418,RB
2551,rbettwy
2553,RBOOKHAMER
2395,RBY
2326,RDM
2474,RE
2327,REB
2328,REI
2374,REN
4525,RF
2675,RFB
2389,RFT
2647,RH
2430,rja
2410,RJB
2454,RK
2329,RLB
2380,RLR
2529,RM
2541,RSH
2547,RSI
2460,RTC
2408,RYW
2398,SAT
2444,SCHULTZ
2365,SDL
2372,SEM
2391,SEW
2445,SIEMENS
2443,SIMPLEX
2366,SJL
4288,SJS
2684,SJW
4240,SK
2437,SKELLER
2427,SL
2514,SL2
2472,SLE
2362,SLK
2384,SLS
2330,SLW
2480,SME
2415,SS
2331,ST
2513,Stanley
2510,STEL
2494,SUSQUE
2438,SW
2644,T Albright
2393,TAW
2396,TAY
2346,TB
2519,TC
2339,TD
2526,TD2
2332,TEL
2428,TG
2521,TI
2371,TJM
2333,TJR
2338,TLB
2354,TLD
2381,TLS
2334,TLW
2422,TP
2359,TPH
2452,TRANSLOGIC
2557,TTB
2495,USS
4365,Valley Pro
2368,VVM
2335,WTB
2447,YORK
4119,z med line
2512,z-AA
2548,z-ACC
2486,z-Alt Appl
2481,z-Amera
2511,z-Barnes
4659,z-BobBiter
2483,z-Boyz
2530,z-BRS
2476,z-CMS
2550,z-Cumming 
2500,z-Fiore
2552,z-Hydra S
2670,Z-ISENBERG
2467,Z-Keystone
2544,z-KTS Inc.
2470,z-MCCRACKE
4117,z-Medline
2546,Z-MEDPIPE
2462,Z-Penn Pub
2463,z-Russell
2464,Z-Safetyli
4235,ZB
4200,00063191
4611,00179181
5031,00182155
4530,00225107
5000,00226768
4693,00500135
4836,00507231
4914,00563867
4955,00580646
2558,AE
2621,AF
2559,ARB
2620,ASF
4080,ATS
2560,BB
2561,BD
2562,BIO
2563,BMS
2564,BR
2565,CA
2626,CH
2625,CK
2566,CT
2567,DA
2627,DARYL
2616,DB
2568,DC
2569,DH
2619,DL
2570,DNB
2571,DPB
2572,DW
2573,EC
2574,EF
2575,EH
2633,EMS
2628,EP
2576,FH
2577,FM
2578,FT
4469,GD
2635,GT
2580,HK
2581,HL
2582,JA
2583,JB
2629,JC
2584,JD
2617,JDZ
2585,JFL
2586,JFLL
2587,JH
2588,JI
2589,JJK
2590,JK
4470,JK2
2591,JL
2592,JM
2593,JO
4253,JRK
2594,JS
2632,JSO
2595,JW
2623,JZ
2596,KC
2634,MATT
2636,MBM
2597,ME
2598,MJ
2599,MK
2630,MM
2637,MR
2618,MTS
2600,MWS
2601,PE
3949,PP
2602,RA
2603,RD
2604,RF
2605,RG
2606,RH
4148,RH0
2624,RH1
2579,RH2
2607,RK
2649,RMC
2608,RMF
2609,RMP
4447,RPH
2610,RW
2611,SIE
2612,SK
2613,SYSTEM
2655,TB
2631,TK
2614,TRANE
4532,TW
2615,VB
2622,WB
2638,WP
4355,00045657
4285,00110683
4284,00127841
4571,00140650
4658,00152390
4489,00197107
4478,00197702
4479,00199016
4480,00200833
4481,00204084
4348,00204130
4431,00215193
4440,00216335
4464,00219451
4834,00221310
4835,00221651
4492,00222154
4534,00223944
4535,00225365
4574,00226966
4621,00231758
4628,00232860
4664,00234277
4963,00236551
4690,00238233
4988,00504879
4831,00505119
4838,00508642
4837,00508648
4860,00552528
4941,00574534
4985,00592047
4011,AM-CD
4566,BG4
4098,BMS-CG
4086,BMS-CL
4089,BMS-DE
4102,BMS-DERDEN
4090,BMS-DG
4092,BMS-DH
4103,BMS-DHERN
4109,BMS-DHOSA
4107,BMS-DHOSSA
4096,BMS-DM
4104,BMS-DMALLO
4100,BMS-EV
4094,BMS-EW
4085,BMS-JB
4106,BMS-JC
4082,BMS-JG
4088,BMS-JGAM
4108,BMS-JH
4112,BMS-JM
4101,BMS-JN
4095,BMS-KH
4091,BMS-KK
4087,BMS-KS
4084,BMS-MB
4482,BMS-MM
4105,BMS-RK
4172,BMS-RNB
4176,BMS-SV
4093,BMS-TH
4081,BMS-TK
4083,BMS-TM
4097,BMS-TS
4099,BMS-TSMITH
2284,BS-AML
2282,BS-DJP
2285,BS-GMD
2281,BS-JEK
2283,BS-LDR
2286,BS-LF
4125,BS-NC
2287,BS-RLM
2288,BS-TB
4158,CGRDS-AM2
4157,CGRDS-BB4
4159,CGRDS-BD1
4162,CGRDS-DAS
4163,CGRDS-JAB
4164,CGRDS-JJO
4160,CGRDS-JM2
4165,CGRDS-JRP2
4166,CGRDS-KCD
4161,CGRDS-MJK
4167,CGRDS-MP3
4168,CGRDS-RJH
4169,CGRDS-RS4
4170,CGRDS-RSM
4661,CO-CD
4942,COSH
4016,CW-CD
3892,EHS-BN
3891,EHS-CG
3893,EHS-CR
3890,EHS-DF
3883,EHS-DT
3894,EHS-KS
3884,EHS-WK
4120,EK-CD
4012,JC-CD
4014,JM-CD
4017,JS-CD
5030,MO3
4013,SM-CD
4015,TK-CD
4980,WATT
4523,00169293
4366,00195020
4694,00195166
4646,00195448
4596,00230620
4597,00230650
4643,00233193
4655,00233762
4844,00510609
4845,00524785
4848,00525385
4852,00537755
4862,00551820
5011,00613726
4297,AFT
4337,BD
4298,BLP
4299,BLR
4300,CAN
4301,CEC
4302,CES
4303,CRC
4304,DRC
4305,FNW
4306,FRS
4307,GAF
4308,GRM
4309,GROUNDS
4343,HW
4310,JAM
4311,JBC
4312,JDH
4344,JH
4313,JKR
4314,JRB
4315,JRG
4316,JRS
4342,JS
4317,KEJ
4318,LMF
4319,MBD
4320,MEB
4340,MZZ
4338,RA
4327,RAF
4321,RAS
4322,RAY
4323,RDS
4324,REB
4325,RED
4326,RLW
4328,SAR
4341,SC 
4329,SEH
4330,SENG
4331,SPJ
4332,TAE
4333,TMO
4334,TMS
4335,TNH
4339,VNC
4336,XX5
4293,CAJ
4294,CYC
4295,KC
4296,Liz
4354,OTHER
4863,00217915
4911,00218339
4861,00235519
5002,00522934
4922,00565269
4958,00575594
4962,00579511
4961,00581562
4960,00582740
4965,00583207
4977,00585909
4978,00585944
4983,00591048
4982,00592078
4997,00605409
5008,00605746
5015,00612385
5023,00615338
4775,1
4769,10
4704,100
4767,101
4730,102
4726,103
4738,104
4750,105
4737,106
4708,107
4718,108
4714,109
4751,11
4776,110
4756,111
4725,112
4774,113
4712,114
4748,115
4761,116
4770,117
4710,118
4764,119
4698,12
4747,120
4721,121
4796,122
4755,123
4727,124
4717,125
4797,126
4711,127
4707,128
4742,129
4716,13
4715,130
4762,131
4832,132
4829,133
4833,134
4768,14
4744,15
4766,16
4743,17
4705,18
4785,19
4870,194
4871,195
4872,196
4873,197
4874,198
4875,199
4740,2
4795,20
4876,200
4877,201
4878,202
4879,203
4880,204
4881,205
4882,206
4778,21
4784,22
4786,23
4783,24
4782,25
4781,26
4793,27
4787,28
4794,29
4719,3
4792,30
4789,31
4779,32
4790,33
4788,34
4791,35
4806,36
4805,37
4753,38
4814,39
4720,4
4700,40
4701,41
4733,42
4732,43
4798,44
4799,45
4706,46
4800,47
4802,48
4801,49
4765,5
4803,50
4771,51
4772,52
4804,53
4745,54
4807,55
4763,56
4808,57
4809,58
4734,59
4723,6
4810,60
4729,61
4811,62
4731,63
4812,64
4760,65
4813,66
4709,67
4816,68
4815,69
4758,7
4817,70
4749,71
4818,72
4819,73
4820,74
4821,75
4757,76
4697,77
4713,78
4736,79
4777,8
4822,80
4823,81
4824,82
4825,83
4739,84
4826,85
4780,86
4722,87
4752,88
4728,89
4702,9
4773,90
4741,91
4699,92
4754,93
4703,94
4746,95
4735,96
4724,97
4759,98
4696,99
4970,OAKCN
4971,OAKJB
